{"time": [172847.3741823, "s"], "time_index": 2909, "progress": 0.9602631899016667, "state": "RUNNING", "real_time_elapsed": 121.03100000007544, "description": "", "extra": {}, "creation_timestamp": 1742921696.88702}