{"time": [61727.3741823, "s"], "time_index": 1057, "progress": 0.5143947848525, "state": "RUNNING", "real_time_elapsed": 54.14099999994505, "description": "", "extra": {}, "creation_timestamp": 1742836414.783438}