{"time": [49667.3741823, "s"], "time_index": 856, "progress": 0.41389478485250003, "state": "RUNNING", "real_time_elapsed": 43.35899999993853, "description": "", "extra": {}, "creation_timestamp": 1742836404.001727}