{"time": [17927.374182300002, "s"], "time_index": 327, "progress": 0.09959652323500001, "state": "RUNNING", "real_time_elapsed": 12.672000000020489, "description": "", "extra": {}, "creation_timestamp": 1742921588.514494}