{"time": [154367.3741823, "s"], "time_index": 2601, "progress": 0.857596523235, "state": "RUNNING", "real_time_elapsed": 119.79700000002049, "description": "", "extra": {}, "creation_timestamp": 1742922000.519976}