{"time": [124127.3741823, "s"], "time_index": 2097, "progress": 0.689596523235, "state": "RUNNING", "real_time_elapsed": 96.21900000004098, "description": "", "extra": {}, "creation_timestamp": 1742921976.943578}