{"time": [79487.3741823, "s"], "time_index": 1353, "progress": 0.6623947848525, "state": "RUNNING", "real_time_elapsed": 65.90599999995902, "description": "", "extra": {}, "creation_timestamp": 1742836161.570077}