{"time": [69887.3741823, "s"], "time_index": 1193, "progress": 0.5823947848525001, "state": "RUNNING", "real_time_elapsed": 60.65599999995902, "description": "", "extra": {}, "creation_timestamp": 1742836421.300744}