{"time": [18227.374182300002, "s"], "time_index": 332, "progress": 0.15189478485250002, "state": "RUNNING", "real_time_elapsed": 15.093999999924563, "description": "", "extra": {}, "creation_timestamp": 1742836375.729266}