{"time": [85307.3741823, "s"], "time_index": 1450, "progress": 0.47392985656833336, "state": "RUNNING", "real_time_elapsed": 60.48400000005495, "description": "", "extra": {}, "creation_timestamp": 1742921636.33291}