{"time": [48347.3741823, "s"], "time_index": 834, "progress": 0.4028947848525, "state": "RUNNING", "real_time_elapsed": 42.296999999904074, "description": "", "extra": {}, "creation_timestamp": 1742836402.933609}