{"time": [163727.3741823, "s"], "time_index": 2757, "progress": 0.9095965232350001, "state": "RUNNING", "real_time_elapsed": 127.26500000001397, "description": "", "extra": {}, "creation_timestamp": 1742922007.984999}