{"time": [40727.3741823, "s"], "time_index": 707, "progress": 0.3393947848525, "state": "RUNNING", "real_time_elapsed": 41.343000000109896, "description": "", "extra": {}, "creation_timestamp": 1743006635.255705}