{"time": [47027.3741823, "s"], "time_index": 812, "progress": 0.3918947848525, "state": "RUNNING", "real_time_elapsed": 38.31299999996554, "description": "", "extra": {}, "creation_timestamp": 1742836133.979802}