{"time": [111767.3741823, "s"], "time_index": 1891, "progress": 0.9313947848525, "state": "RUNNING", "real_time_elapsed": 91.79700000002049, "description": "", "extra": {}, "creation_timestamp": 1742836187.470571}