{"time": [39047.3741823, "s"], "time_index": 679, "progress": 0.3253947848525, "state": "RUNNING", "real_time_elapsed": 34.84399999992456, "description": "", "extra": {}, "creation_timestamp": 1742836395.476944}