{"time": [52127.3741823, "s"], "time_index": 897, "progress": 0.289596523235, "state": "RUNNING", "real_time_elapsed": 40.5, "description": "", "extra": {}, "creation_timestamp": 1742921921.223732}