{"time": [7307.3741823, "s"], "time_index": 150, "progress": 0.0608947848525, "state": "RUNNING", "real_time_elapsed": 6.35999999998603, "description": "", "extra": {}, "creation_timestamp": 1742836102.033836}