{"time": [77147.3741823, "s"], "time_index": 1314, "progress": 0.6428947848525001, "state": "RUNNING", "real_time_elapsed": 63.82799999997951, "description": "", "extra": {}, "creation_timestamp": 1742836159.499121}