{"time": [39647.3741823, "s"], "time_index": 689, "progress": 0.3303947848525, "state": "RUNNING", "real_time_elapsed": 33.01599999994505, "description": "", "extra": {}, "creation_timestamp": 1742836128.691126}