{"time": [37727.3741823, "s"], "time_index": 657, "progress": 0.209596523235, "state": "RUNNING", "real_time_elapsed": 29.81200000003446, "description": "", "extra": {}, "creation_timestamp": 1742921910.539706}