{"time": [90050.3741823, "s"], "time_index": 1530, "progress": 1.0, "state": "FINISHED", "real_time_elapsed": 42.79599999997299, "description": "", "extra": {}, "creation_timestamp": 1742504140.321226}