{"time": [15500.023999956768, "s"], "time_index": 221436, "progress": 1.0, "state": "FINISHED", "real_time_elapsed": 586.3119999999763, "description": "", "extra": {}, "creation_timestamp": 1742240349.883496}