{"time": [769.9511627775, "s"], "time_index": 51, "progress": 0.00855501291975, "state": "RUNNING", "real_time_elapsed": 1.0939999999245629, "description": "", "extra": {}, "creation_timestamp": 1742590039.929391}