{"time": [32452.9511627775, "s"], "time_index": 580, "progress": 0.36058834625308334, "state": "RUNNING", "real_time_elapsed": 29.0, "description": "", "extra": {}, "creation_timestamp": 1742590067.832401}