{"time": [41005.89934591, "s"], "time_index": 715, "progress": 0.45562110384344445, "state": "RUNNING", "real_time_elapsed": 43.46900000004098, "description": "", "extra": {}, "creation_timestamp": 1742589644.717844}