{"time": [24254.535, "s"], "time_index": 422, "progress": 0.9701814, "state": "RUNNING", "real_time_elapsed": 21.68700000003446, "description": "", "extra": {}, "creation_timestamp": 1742327086.841121}