{"time": [13505.535, "s"], "time_index": 240, "progress": 0.5402214, "state": "RUNNING", "real_time_elapsed": 11.96799999999348, "description": "", "extra": {}, "creation_timestamp": 1742326723.11009}