{"time": [23627.14125, "s"], "time_index": 417, "progress": 0.94508565, "state": "RUNNING", "real_time_elapsed": 21.32799999997951, "description": "", "extra": {}, "creation_timestamp": 1742327412.165069}