{"time": [20588.535, "s"], "time_index": 359, "progress": 0.8235414, "state": "RUNNING", "real_time_elapsed": 18.39100000000326, "description": "", "extra": {}, "creation_timestamp": 1742327218.898675}