{"time": [120047.3741823, "s"], "time_index": 2029, "progress": 1.0, "state": "FINISHED", "real_time_elapsed": 69.85999999986961, "description": "", "extra": {}, "creation_timestamp": 1743117787.615739}