{"time": [90050.3741823, "s"], "time_index": 1530, "progress": 1.0, "state": "FINISHED", "real_time_elapsed": 42.65700000000652, "description": "", "extra": {}, "creation_timestamp": 1742504901.900118}