{"time": [25031.535, "s"], "time_index": 434, "progress": 1.0, "state": "FINISHED", "real_time_elapsed": 12.063000000023749, "description": "", "extra": {}, "creation_timestamp": 1742496836.154072}