{"time": [90053.3741823, "s"], "time_index": 1531, "progress": 1.0, "state": "FINISHED", "real_time_elapsed": 42.93800000002375, "description": "", "extra": {}, "creation_timestamp": 1742502737.183222}