{"time": [25028.535, "s"], "time_index": 433, "progress": 1.0, "state": "FINISHED", "real_time_elapsed": 17.23499999998603, "description": "", "extra": {}, "creation_timestamp": 1742505203.301951}